"Timestamp","Formation antérieure à Mines ParisTech","Précisions concernant votre formation (ex: quelle voie en classe préparatoire, quelle université, quelle matière, etc.)","L'enseignement est adapté à votre niveau/formation en Mathématiques","L'enseignement vous a semblé intéressant et/ou utile.","Commentaires","Votre encadrant","Le format du cours auquel vous avez participé (cours magistral ou tutorat) vous convient","Votre encadrant était dynamique/compétent/pédagogue/etc.","Le programme/contenu des cours est globalement bien conçu","Les sessions du cours qui vous ont posé problème (pas intéressantes, ou trop ambitieuses, pas claires, etc.):","Vos commentaires sur le cours","Votre responsable de PC","Votre responsable de PC était dynamique/compétent/pédagogue/etc.","Les exercices sont adaptés / permettent d'assimiler le cours","Vous préférez que la session d'exercices se rapportant à un cours soit programmée :","Vos commentaires sur les PCs","Votre atelier ou séance de révisions","Votre encadrant était dynamique/compétent/pédagogue/etc.","Le contenu de l'atelier (ou des révisions) était intéressant et/ou utile.","Pour ceux qui ont suivi le cours Maths 3 aux Arcs, auriez-vous aimer avoir le choix entre une séance révision et un des ateliers applications (chapitres 10 à 12 du polycopié) ?","Vos commentaires sur les ateliers/révisions","Le polycopié (support des cours, PC et ateliers) vous a satisfait","Vous pensez que l'usage de l'anglais est une bonne idée","Les ressources suivantes de http://eul.ink/complex-analysis/ sont utiles:","Vos commentaires sur les ressources associées au cours","Votre satisfaction globale","Autres commentaires"
"2019/01/17 3:07:43 PM GMT+1","Classe préparatoire","MP info","4","4","Intéressant mais pas très utile, mais c'était un plaisir à travailler","Mathias Corsia (Les Arcs salle Perdrix, tutorat 1)","4","3","3","Cauchy's Integral Theorem (Global Version);Power Series;Zeros & Poles","","Matthieu Vigne (Les Arcs salle Brel)","4","4","Immédiatement après le cours (comme aux Arcs)","C'est dommage que les feutres ne marchent pas, c'est un détail très bête qui rend la séance très dure à suivre","Séance Révision (Pierre-Etienne Devineau et Aurélien Fiot, salle Montagne, Arcs)","4","4","Oui","","4","4","Informations générales (agenda, préparation séjour, etc.);Cours en PDF (document électronique ou destiné à l'impression);Cours en HTML (version en ligne);Fichiers sources du cours (documents en markdown, programmes générant les images, etc.);Ressources mathématiques complémentaires (autres cours d'analyse complexe,  articles associés, etc.);Documents de la session 2016 (sujet d'examen corrigé, distribution des notes, résultats des questionnaires)","","4","Merci !!!"
"2019/01/17 3:08:06 PM GMT+1","Classe préparatoire","PC","4","3","","Pierre-Etienne Devineau (Les Arcs salle Montagne, tutorat 3)","4","4","4","","","Aurélien Fiot (Les Arcs salle Montagne)","3","3","Immédiatement après le cours (comme aux Arcs)","","Séance Révision (Pierre-Etienne Devineau et Aurélien Fiot, salle Montagne, Arcs)","4","4","Non","","4","2","","","4","Militions pour que la refonte ne passe pas par là :p"
"2019/01/17 3:10:27 PM GMT+1","Classe préparatoire","PC","3","3","","Jean-Emmanuel Deschaud (Les Arcs salle Granite, cours margistral)","3","4","3","Complex-Differentiability;Power Series;Integral Representations","","Delphine Bresch-Pietri (Les Arcs salle Perdrix)","4","3","Immédiatement après le cours (comme aux Arcs)","","Séance Révision (Delphine Bresch-Pietri, salle Perdrix, Arcs)","3","2","Non","","3","1","","","4",""
"2019/01/17 3:12:42 PM GMT+1","Classe préparatoire","MP","4","4","","Mathias Corsia (Les Arcs salle Perdrix, tutorat 1)","4","4","4","","Le tutorat est vraiment un bon format, il y a la bonne dose de cours pour chaque session","Matthieu Vigne (Les Arcs salle Brel)","4","4","Immédiatement après le cours (comme aux Arcs)","","Séance Révision (Matthieu Vigne et Guilhem Dubois, salle Granite, Arcs)","4","4","Non","","4","4","Informations générales (agenda, préparation séjour, etc.);Cours en PDF (document électronique ou destiné à l'impression);Fichiers sources du cours (documents en markdown, programmes générant les images, etc.);Documents de la session 2016 (sujet d'examen corrigé, distribution des notes, résultats des questionnaires)","","4",""
"2019/01/17 3:14:39 PM GMT+1","Université","Shanghai Jiaotong University, ParisTech Institute","4","4","Très intéressant et utile.","Antonin Diaz (Les Arcs salle Brel, tutorat 2)","4","4","4","","","Grégoire Dupont De Dinechin (Les Arcs salle Belgica)","4","4","Immédiatement après le cours (comme aux Arcs)","","Séance Révision (Grégoire Dupont De Dinechin, salle Belgica, Arcs)","4","4","Oui","Pourquoi pas avoir une séance révision et une séance applications en même temps. Si le temps ne permet pas, on peut avoir quelques séances à la rentrée à Paris.","3","1","","","4","Merci beaucoup"
"2019/01/17 3:16:14 PM GMT+1","Classe préparatoire","MP stanislas","4","4","Contenu très intéressant, dommage qu'on n'ait pas le temps de faire les applications","Mathias Corsia (Les Arcs salle Perdrix, tutorat 1)","4","4","4","","","Delphine Bresch-Pietri (Les Arcs salle Perdrix)","4","4","Le lendemain du cours (comme à Paris en 2019)","","Séance Révision (Delphine Bresch-Pietri, salle Perdrix, Arcs)","4","4","Non","","4","4","","Je ne m'en suis pas (encore) servi","4",""
"2019/01/17 3:17:33 PM GMT+1","Classe préparatoire","MP","4","4","Largement préféré le contenu de ce cours à celui de Maths 2","Antonin Diaz (Les Arcs salle Brel, tutorat 2)","4","4","4","","","Grégoire Dupont De Dinechin (Les Arcs salle Belgica)","4","4","Immédiatement après le cours (comme aux Arcs)","avoir l'application directement après avoir lu le cours permet de mieux assimiler ","Séance Révision (Grégoire Dupont De Dinechin, salle Belgica, Arcs)","4","4","Oui","L'atelier de révisions est très utile pour réussir la pâle, mais il est un peu frustrant de s'arrêter juste avant les applications !","4","4","","","4",""
"2019/01/17 3:19:52 PM GMT+1","Classe préparatoire","5/2 MP* de Ginette","4","4","","Antonin Diaz (Les Arcs salle Brel, tutorat 2)","4","4","4","Zeros & Poles","","Grégoire Dupont De Dinechin (Les Arcs salle Belgica)","4","4","Immédiatement après le cours (comme aux Arcs)","","Séance Révision (Grégoire Dupont De Dinechin, salle Belgica, Arcs)","4","4","Oui","","4","4","","Je n'avais pas connaissance du lien précédemment indiqué jusqu'à ce que je remplisse ce form... mais le lien ne m'a pas manqué.","4","Super format (mais coûteux, on en est bien conscients !). Aux Mines je n'allais jamais en amphi car je travaillais toute seule de mon côté donc le format Tutorat où l'on travaille en autonomie mais avec quand même la présence de qqun pour répondre à nos questions, c'est super. Avoir des tuteurs / chargés de PC jeunes c'est top aussi parce que c'est souvent beaucoup plus clair vu qu'ils comprennent mieux comment on fonctionne / réfléchit, pour être passés par là y a pas si longtemps.
La séance de révisions ça m'effrayait un peu au début dans la mesure où on a accumulé beaucoup de nouvelles connaissances en peu de temps, et je ressentais le besoin de prendre un temps pour tout reprendre un petit coup, mais finalement ça s'est plutôt bien passée.
Merci en tout cas !!"
"2019/01/17 3:20:32 PM GMT+1","Classe préparatoire","Filière PC","4","4","Le cours est très intéressant et bien dans la continuité des maths de prépa et aux Mines.","Antonin Diaz (Les Arcs salle Brel, tutorat 2)","4","3","4","The Winding Number;Zeros & Poles","J'ai trouvé ça bien d'avoir un cours en anglais, pour nous apporter un nouveau vocabulaire. C'était largement à notre niveau en plus, donc ça n'apportait aucune difficulté.","Grégoire Dupont De Dinechin (Les Arcs salle Belgica)","4","3","Immédiatement après le cours (comme aux Arcs)","Certains exercices me paraissaient un peu long et théorique, mais dans l'ensemble, ils sont très adaptés ! Le fait de le faire directement après le cours permet de mettre en application les notions directement et de bien les comprendre, on ne reste donc pas dans le flou en accumulant des questions.","Séance Révision (Grégoire Dupont De Dinechin, salle Belgica, Arcs)","4","4","Non","J'aurais pris des révisions quoi qu'il arrive, car j'ai besoin de beaucoup pratiquer pour assimiler. J'ai beaucoup aimé le format, on était libre d'avancer à notre rythme et Grégoire répondait facilement à toutes nos questions. Cela m'a permis de voir les points que je n'avais pas bien compris.","4","4","Informations générales (agenda, préparation séjour, etc.);Cours en PDF (document électronique ou destiné à l'impression);Documents de la session 2016 (sujet d'examen corrigé, distribution des notes, résultats des questionnaires)","","4","J'ai vraiment beaucoup apprécié ce cours. Les Mines nous offrent un cadre de vie hyper sain pour travailler. Cela m'a aussi aidé à me concentrer, car j'ai beaucoup tendance à ne pas venir en amphi à Paris, or là, le format du tutorat s'est révélé extrêmement efficace et j'ai parfaitement compris le cours.  Je suis vraiment reconnaissante aux Mines de m'avoir offert cette semaine ! "
"2019/01/17 3:21:49 PM GMT+1","Classe préparatoire","PC","4","4","","Jean-Emmanuel Deschaud (Les Arcs salle Granite, cours margistral)","4","4","4","","","Guilhem Dubois (Les Arcs salle Granite)","3","4","Immédiatement après le cours (comme aux Arcs)","","Séance Révision (Matthieu Vigne et Guilhem Dubois, salle Granite, Arcs)","3","3","Non","","3","3","","","4",""
"2019/01/17 3:25:36 PM GMT+1","Classe préparatoire","ECS puis HEC","4","4","","Jean-Emmanuel Deschaud (Les Arcs salle Granite, cours margistral)","4","3","4","Zeros & Poles","","Delphine Bresch-Pietri (Les Arcs salle Perdrix)","4","4","Immédiatement après le cours (comme aux Arcs)","","Séance Révision (Delphine Bresch-Pietri, salle Perdrix, Arcs)","3","3","Non","","4","1","Informations générales (agenda, préparation séjour, etc.);Cours en PDF (document électronique ou destiné à l'impression);Documents de la session 2016 (sujet d'examen corrigé, distribution des notes, résultats des questionnaires)","","4",""
"2019/01/17 3:25:38 PM GMT+1","Classe préparatoire","PCSI - PSI*","3","4","","Jean-Emmanuel Deschaud (Les Arcs salle Granite, cours margistral)","3","3","4","Complex-Differentiability;Cauchy's Integral Theorem (Local Version);Cauchy's Integral Theorem (Global Version);Integral Representations","Pour certains chapitres, 1h c'est trop peu pour découvrir le cours si on n'a pas lu le poly avant","Delphine Bresch-Pietri (Les Arcs salle Perdrix)","4","4","Immédiatement après le cours (comme aux Arcs)","","Séance Révision (Delphine Bresch-Pietri, salle Perdrix, Arcs)","4","4","Non","","4","3","Informations générales (agenda, préparation séjour, etc.);Cours en PDF (document électronique ou destiné à l'impression);Ressources mathématiques complémentaires (autres cours d'analyse complexe,  articles associés, etc.);Documents de la session 2016 (sujet d'examen corrigé, distribution des notes, résultats des questionnaires)","","4",""
"2019/01/17 3:29:04 PM GMT+1","Université","Licence Sciences et Technologies, Spécialité Mathématique, Physique, Informatique et Ingénierie par l'Institut Villebon Georges Charpak (Rattaché à l'université Paris-Sud/11)","2","3","J'ai répondu 2 pour le niveau/formation. Mais je suis un peu confus. Le cours m'a semblé compréhensible, mais je bloque devant les exercices (notamment ceux durant la séance de révision) ; c'est pour cela que j'ai répondu 2","Pierre-Etienne Devineau (Les Arcs salle Montagne, tutorat 3)","4","4","4","","Le cours est intéressant. En particulier, le tutorat et la manière dont Pierre-Etienne Devineau fait son cours. Le cours semble se dérouler de lui-même et on arrive à voir où le cours veut aller.","Aurélien Fiot (Les Arcs salle Montagne)","3","2","Immédiatement après le cours (comme aux Arcs)","Les PC avec Aurélien Fiot allaient un peu vite. Pour ma part, je n'arrivais pas à avoir du recul et prendre le temps de réfléchir aux exercices.","Séance Révision (Pierre-Etienne Devineau et Aurélien Fiot, salle Montagne, Arcs)","3","3","Non","Format intéressant qui nous incite à nous plonger et réfléchir aux exercices (ce que je n'ai pas eu l'occasion de faire pendant la semaine).","3","4","Informations générales (agenda, préparation séjour, etc.);Cours en PDF (document électronique ou destiné à l'impression);Cours en HTML (version en ligne);Fichiers sources du cours (documents en markdown, programmes générant les images, etc.);Ressources mathématiques complémentaires (autres cours d'analyse complexe,  articles associés, etc.);Documents de la session 2016 (sujet d'examen corrigé, distribution des notes, résultats des questionnaires)","","3","J'ai bien aimé la formule et la manière dont se déroule le cours."
"2019/01/17 3:30:36 PM GMT+1","Classe préparatoire","MPSI - PSI* au lycée Louis-Le-Grand","4","4","","Antonin Diaz (Les Arcs salle Brel, tutorat 2)","4","4","4","The Winding Number","","Grégoire Dupont De Dinechin (Les Arcs salle Belgica)","4","4","Immédiatement après le cours (comme aux Arcs)","","Séance Révision (Grégoire Dupont De Dinechin, salle Belgica, Arcs)","4","4","Oui","","4","4","Informations générales (agenda, préparation séjour, etc.);Cours en PDF (document électronique ou destiné à l'impression);Ressources mathématiques complémentaires (autres cours d'analyse complexe,  articles associés, etc.);Documents de la session 2016 (sujet d'examen corrigé, distribution des notes, résultats des questionnaires)","","4",""
"2019/01/17 3:31:01 PM GMT+1","Classe préparatoire","MP","4","3","","Mathias Corsia (Les Arcs salle Perdrix, tutorat 1)","3","4","4","","","Matthieu Vigne (Les Arcs salle Brel)","4","4","Immédiatement après le cours (comme aux Arcs)","Les PC le jour même sont une très bonne chose car nous disposons de peu de temps pour travailler le cours après le ski et donc passer 2h sur un chapitre permet de mieux le comprendre par ses applications","Séance Révision (Matthieu Vigne et Guilhem Dubois, salle Granite, Arcs)","3","4","Non","Le bruit dans la salle ne permettait pas de se concentrer pleinement et la séance bien que très utile arrive un peu tôt sans nous laisser le temps de reprendre l'ensemble du cours de notre côté. Peut être une séance en plus à Paris le lundi du retour serait plus efficace","4","2","Informations générales (agenda, préparation séjour, etc.);Documents de la session 2016 (sujet d'examen corrigé, distribution des notes, résultats des questionnaires)","","4",""
"2019/01/17 3:39:47 PM GMT+1","Classe préparatoire","MPSI puis PSI","4","4","Un cours très intéressant","Antonin Diaz (Les Arcs salle Brel, tutorat 2)","4","3","4","","","Delphine Bresch-Pietri (Les Arcs salle Perdrix)","4","3","Immédiatement après le cours (comme aux Arcs)","Certains exercices étaient parfois tout de suite très compliqués, mais avec la correction ils restent compréhensibles","Séance Révision (Delphine Bresch-Pietri, salle Perdrix, Arcs)","4","4","Non","","4","3","","","4",""
"2019/01/17 3:49:23 PM GMT+1","Classe préparatoire","MP","4","4","Ça allait vite, de quoi se remémorer le rythme de la spé :)","Jean-Emmanuel Deschaud (Les Arcs salle Granite, cours margistral)","4","4","4","","","Delphine Bresch-Pietri (Les Arcs salle Perdrix)","4","4","Immédiatement après le cours (comme aux Arcs)","Parfois un peu trop rapide","Séance Révision (Delphine Bresch-Pietri, salle Perdrix, Arcs)","4","4","Oui","","4","4","","Je n'ai pas du tout utilisé les ressources en ligne (je préfère le poly)","4",""
"2019/01/17 3:50:57 PM GMT+1","Classe préparatoire","MP","4","3","","Antonin Diaz (Les Arcs salle Brel, tutorat 2)","3","4","3","Cauchy's Integral Theorem (Global Version)","","Grégoire Dupont De Dinechin (Les Arcs salle Belgica)","4","3","Le lendemain du cours (comme à Paris en 2019)","","Séance Révision (Grégoire Dupont De Dinechin, salle Belgica, Arcs)","4","4","Non","","4","4","Cours en PDF (document électronique ou destiné à l'impression);Documents de la session 2016 (sujet d'examen corrigé, distribution des notes, résultats des questionnaires)","","4",""
"2019/01/17 3:51:27 PM GMT+1","Classe préparatoire","filière PC","4","4","en général les maths ne me passionnent pas, et le cours a été assez intéressant, ce à quoi je ne m'attendais pas du tout","Mathias Corsia (Les Arcs salle Perdrix, tutorat 1)","4","3","3","Line Integrals & Primitives;Cauchy's Integral Theorem (Local Version);The Winding Number;Cauchy's Integral Theorem (Global Version);Integral Representations","avoir des rappels de cours à la fin de l'heure et au début des PC était bien; j'ai aussi bien aimé quand Matthias nous dirigeait plus en amont d'un chapitre sur ce qui était important ou non, pour se concentrer sur  l'essentiel, ainsi que le fait de donner des temps proposés à passer par partie, et laisser du temps à la fin pour regarder les exos","Matthieu Vigne (Les Arcs salle Brel)","3","1","Immédiatement après le cours (comme aux Arcs)","Les exos étaient bien et pas trop durs, mais la dernière séance d'exos pour les révisions m'a paru hyper dur par rapport au reste... du coup pas très adapté. j'ai eu l'impression que les exos des PC ne nous préparaient pas du tout à la suite","Séance Révision (Matthieu Vigne et Guilhem Dubois, salle Granite, Arcs)","1","1","Non","de niveau beaucoup trop élevé par rapport aux PC, il y a eu un énorme décalage, et je n'avais clairement pas le niveau pour le franchir. Même les formules essentielles pour le début d'un exo, c'était de la sup de prépa MP, donc difficile de rattraper... je pense qu'il aurait fallu des groupes de niveau au moins pour les ateliers de révision (voire aussi pour le tutorat)","3","1","Documents de la session 2016 (sujet d'examen corrigé, distribution des notes, résultats des questionnaires)","","4","très bon concept, même si la dernière demi journée de maths est dure (surtout du fait du niveau), et que les heures de maths après le ski c'est pas optimal (mais c'est le seul horaire possible avec les horaires d'ouvertures de pistes)"
"2019/01/17 3:52:06 PM GMT+1","Classe préparatoire","MPSI-MP*","4","4","","Antonin Diaz (Les Arcs salle Brel, tutorat 2)","4","4","4","The Winding Number","","Grégoire Dupont De Dinechin (Les Arcs salle Belgica)","4","4","Immédiatement après le cours (comme aux Arcs)","","Séance Révision (Grégoire Dupont De Dinechin, salle Belgica, Arcs)","4","4","Oui","","4","4","Cours en PDF (document électronique ou destiné à l'impression);Fichiers sources du cours (documents en markdown, programmes générant les images, etc.);Ressources mathématiques complémentaires (autres cours d'analyse complexe,  articles associés, etc.)","","4",""
"2019/01/17 3:57:59 PM GMT+1","Classe préparatoire","PTSI / PT","3","3","","Jean-Emmanuel Deschaud (Les Arcs salle Granite, cours margistral)","3","3","3","Connected Sets;Cauchy's Integral Theorem (Global Version);Integral Representations","L'exposé gagnerait à être davantage éclairci par des schémas - même si des efforts sont déjà faits.
Il pourrait être intéressant d'insister sur ce qui est important et ce qui l'est moins, toutes les notions ou démonstrations ont tendance à être laissées sur le même plan.","Dilshad Surroop (Les Arcs salle Simenon)","4","3","Immédiatement après le cours (comme aux Arcs)","Très dynamiques, bon résumé de cours au début, mise en application directe et compréhension des notions utiles vs notions plus annexes (moins d'intérêt dans les application directes). ","Séance Révision (Dilshad Surroop, salle Simenon, Arcs)","4","4","Non","","4","4","Informations générales (agenda, préparation séjour, etc.);Cours en PDF (document électronique ou destiné à l'impression);Fichiers sources du cours (documents en markdown, programmes générant les images, etc.);Documents de la session 2016 (sujet d'examen corrigé, distribution des notes, résultats des questionnaires)","","4","La formule est vraiment très satisfaisante, il est plus simple de se consacrer pleinement au cours loin de Paris et des engagements associatifs. Le ski permet de souder la promo, et permet de revenir le soir avec les neurones à nouveau prêts à ""engranger le savoir"". Merci pour tout le travail préparatoire en amont ! A perpétuer pour les promos suivantes :)"
"2019/01/17 4:32:00 PM GMT+1","Classe préparatoire","PCSI-PSI, Lycée Aux Lazaristes","4","4","Le cours en tutorat était très intéressant à mon sens car il permet d'aller à son rythme pour ceux qui ne sont pas très à l'aise en mathématiques. C'est très appréciable et rend le cours accessible là où il ne le serait pas forcément en amphi où il faut s'adapter à la vitesse de l'enseignant. Je tiens aussi à préciser que le cours papier est très bien fait et très clair !
Les cours en TD sont de bonne qualité mais parfois un peu rapide en fin d'heure où il faut finir l'exercice avant la fin du cours...","Antonin Diaz (Les Arcs salle Brel, tutorat 2)","4","2","4","Cauchy's Integral Theorem (Local Version)","Antonin manque parfois de répondant sur les réponses qu'il donne. Mais, finalement, il donne toujours des réponses satisfaisantes. Après tout, ce n'est pas son métier, je n'ai donc pas trouvé que ce soit un problème, surtout dans le cours de tutorat libre.","Grégoire Dupont De Dinechin (Les Arcs salle Belgica)","3","3","Immédiatement après le cours (comme aux Arcs)","L'encadrant est bien formé sur le sujet, mais un peu rapide parfois... Je n'ai pas toujours vu la véritable application du cours dans les exercices ni leur utilité pour la compréhension de celui-ci.","Séance Révision (Grégoire Dupont De Dinechin, salle Belgica, Arcs)","3","4","Non","L'atelier était très bien conçu et m'a permis de me plonger réellement dans les exercices sans juste ""suivre une correction"". Il m'a apporté beaucoup de compréhension, d'autant que Grégoire s'est révélé très bon pour nous aider à trouver des pistes dans les exercices.","4","4","","Le cours est parfaitement compréhensible. L'usage de l'anglais est quelque peu superflu, mais il permet de nous enseigner des termes de base d'anglais en mathématiques. C'est une première et ça a ce mérite là. ","4","Je termine avec un mot sur le ski, qui était lui aussi très satisfaisant. Merci d'organiser cette semaine !"
"2019/01/17 4:52:09 PM GMT+1","Classe préparatoire","MP*","4","4","","Mathias Corsia (Les Arcs salle Perdrix, tutorat 1)","4","3","4","","","Matthieu Vigne (Les Arcs salle Brel)","4","4","Immédiatement après le cours (comme aux Arcs)","Le responsable de PC était extrêmement clair et pédagogue. Il parvenait à concilier concision et clarté lors de la correction des exercices. Le programme était peut-être parfois un peu ambitieux mais le fait d'avoir la correction dans le poly permettait de se concentrer sur la preuve en elle-même quitte à revoir plus tard les détails dans le poly.","Séance Révision (Matthieu Vigne et Guilhem Dubois, salle Granite, Arcs)","4","4","Oui","La séance de révisions était très intéressante mais il est dommage de ne pas avoir eu la possibilité de choisir avec l'atelier qui aurait permis de découvrir des applications de l'analyse complexe.","4","4","Informations générales (agenda, préparation séjour, etc.);Cours en PDF (document électronique ou destiné à l'impression);Cours en HTML (version en ligne);Ressources mathématiques complémentaires (autres cours d'analyse complexe,  articles associés, etc.);Documents de la session 2016 (sujet d'examen corrigé, distribution des notes, résultats des questionnaires)","La version en ligne du site avec les références aux théorèmes précédents est très agréable à lire !","4","Merci pour ce cours qui était très satisfaisant, avec des intervenants de qualité !"
"2019/01/17 4:54:51 PM GMT+1","Classe préparatoire","Mpsi psi","3","2","","Jean-Emmanuel Deschaud (Les Arcs salle Granite, cours margistral)","2","3","1","","","Dilshad Surroop (Les Arcs salle Simenon)","3","1","Le lendemain du cours (comme à Paris en 2019)","Cela ne sert à rien de faire l'exo immediatement apres le cours, qui plus est sans temps de préparation( ou juste 2min c'est pareil). Peut-etre proposer des exercices moins difficile et surtout laisser plus de temps pour préparer les exos. Résultat plus de la moitié des élèves ne font que de la recopie de correction sans utilité.  Seul la derniere séance d'exercices nous a permis de comprendre et mettre en place le cours.","Séance Révision (Dilshad Surroop, salle Simenon, Arcs)","4","4","Non","","3","3","","","3",""
"2019/01/17 5:18:18 PM GMT+1","Classe préparatoire","MP à LLG","4","4","","Jean-Emmanuel Deschaud (Les Arcs salle Granite, cours margistral)","4","4","4","","","Guilhem Dubois (Les Arcs salle Granite)","3","4","Immédiatement après le cours (comme aux Arcs)","","Séance Révision (Matthieu Vigne et Guilhem Dubois, salle Granite, Arcs)","3","4","","","3","2","","","4",""
"2019/01/17 5:47:48 PM GMT+1","HEC Paris ","Prépa ECS puis HEC avec L3 de maths à Paris I","3","4","","Pierre-Etienne Devineau (Les Arcs salle Montagne, tutorat 3)","4","4","4","Zeros & Poles;Integral Representations","","Aurélien Fiot (Les Arcs salle Montagne)","3","3","Le lendemain du cours (comme à Paris en 2019)","PCs un peu trop magistrales et trop peu de temps pour digérer les nouvelles notions","Séance Révision (Pierre-Etienne Devineau et Aurélien Fiot, salle Montagne, Arcs)","4","4","Non","","4","3","Informations générales (agenda, préparation séjour, etc.);Cours en PDF (document électronique ou destiné à l'impression);Documents de la session 2016 (sujet d'examen corrigé, distribution des notes, résultats des questionnaires)","","4",""
"2019/01/17 6:55:24 PM GMT+1","Classe préparatoire","MP ","4","3","","Jean-Emmanuel Deschaud (Les Arcs salle Granite, cours margistral)","4","4","3","Power Series;Integral Representations","","Guilhem Dubois (Les Arcs salle Granite)","2","3","Immédiatement après le cours (comme aux Arcs)","","Séance Révision (Matthieu Vigne et Guilhem Dubois, salle Granite, Arcs)","3","3","Non","","2","1","","","3",""
"2019/01/17 7:30:32 PM GMT+1","Classe préparatoire","MPSI - PSI","4","4","","Jean-Emmanuel Deschaud (Les Arcs salle Granite, cours margistral)","4","4","4","","","Guilhem Dubois (Les Arcs salle Granite)","4","4","Immédiatement après le cours (comme aux Arcs)","","Séance Révision (Matthieu Vigne et Guilhem Dubois, salle Granite, Arcs)","4","4","Non","","4","3","Cours en PDF (document électronique ou destiné à l'impression);Cours en HTML (version en ligne);Documents de la session 2016 (sujet d'examen corrigé, distribution des notes, résultats des questionnaires)","","4",""
"2019/01/17 7:33:53 PM GMT+1","Classe préparatoire","PT","4","4","Même si certaines notions sont assez complexes, la manière de les aborder les rends très compréhensible, éventuellement avec un peu de travail","Jean-Emmanuel Deschaud (Les Arcs salle Granite, cours margistral)","3","4","3","Integral Representations","cours compréhensible et bien expliqué, il serait peut-être intéressant de mettre un peu moins l'accent sur les démonstrations pour éviter de survoler des théorèmes à la fin du cours","Dilshad Surroop (Les Arcs salle Simenon)","4","3","Immédiatement après le cours (comme aux Arcs)","J'ai bcp apprécié le fait que l'on revienne de manière assez rapide sur les théorèmes et points importants du cours en début de pc","Séance Révision (Dilshad Surroop, salle Simenon, Arcs)","4","4","Non","des exercices bine conçus qui permettent de bien reprendre le cours","4","4","","je n'ai pas encore pris le temps de les consulter","4","une très bonne semaine pour reprendre en janvier, et le cours de maths que j'ai suivi avec le plus d'enthousiasme aux mines!"
"2019/01/17 9:24:57 PM GMT+1","Classe préparatoire","MPSI - PSI* Louis Le Grand","4","4","","Jean-Emmanuel Deschaud (Les Arcs salle Granite, cours margistral)","4","4","4","The Winding Number;Integral Representations","Format en deux heures, une de cours une d'application très bien ! Ca permet de bien comprendre l'intérêt et l'importance des notions vues sans attendre une semaine d'avoir tout oublié (ou même 3h, ça peut suffire).","Delphine Bresch-Pietri (Les Arcs salle Perdrix)","4","4","Immédiatement après le cours (comme aux Arcs)","Un peu rapide pour moi sur certaines (je n'avais pas travaillé le cours avant d'arriver), mais très efficace de travailler immédiatement après le cours. J'ai été personnellement beaucoup plus ""dans"" le cours et intéressée que pour maths 1 & 2.","Séance Révision (Delphine Bresch-Pietri, salle Perdrix, Arcs)","4","4","Non","Très bien de faire des séances de révision seuls, ça m'a permis de me confronter aux problèmes (sans me laisser guider comme pendant les TD où je n'étais pas assez rapide) et de construire les solutions seules. On peut ainsi identifier ce qui a été moins bien compris.","4","4","","Je ne savais pas qu'elles existaient, on nous avait prévenus ?","4","La communication au début de l'année n'était pas très claire pour moi, je me suis inscrite aux amphis sans avoir compris ce que serait le tutorat (il me semble que ce n'était pas expliqué). Sinon c'était intéressant, et merci pour la puff !"
"2019/01/17 11:01:52 PM GMT+1","Université","Université de Shanghai JIAO TONG","3","3","","Jean-Emmanuel Deschaud (Les Arcs salle Granite, cours margistral)","4","4","4","Zeros & Poles","","Dilshad Surroop (Les Arcs salle Simenon)","4","4","Le lendemain du cours (comme à Paris en 2019)","","Séance Révision (Dilshad Surroop, salle Simenon, Arcs)","4","4","Non","","1","1","Cours en PDF (document électronique ou destiné à l'impression);Documents de la session 2016 (sujet d'examen corrigé, distribution des notes, résultats des questionnaires)","","4",""
"2019/01/17 11:44:57 PM GMT+1","Université","université libanaise","3","3","","Jean-Emmanuel Deschaud (Les Arcs salle Granite, cours margistral)","4","4","3","","","Delphine Bresch-Pietri (Les Arcs salle Perdrix)","4","4","Immédiatement après le cours (comme aux Arcs)","","Séance Révision (Delphine Bresch-Pietri, salle Perdrix, Arcs)","4","4","Oui","","4","4","Informations générales (agenda, préparation séjour, etc.);Cours en PDF (document électronique ou destiné à l'impression);Cours en HTML (version en ligne);Fichiers sources du cours (documents en markdown, programmes générant les images, etc.);Ressources mathématiques complémentaires (autres cours d'analyse complexe,  articles associés, etc.);Documents de la session 2016 (sujet d'examen corrigé, distribution des notes, résultats des questionnaires)","","4",""
"2019/01/17 11:53:03 PM GMT+1","Ecole d'ingénieur en Tunisie","Prépa MP (tunisie) ","4","3","Impossible de suivre en amphi aux places du fond. Mais le polycopié est excellent ce qui compense cela. ","Jean-Emmanuel Deschaud (Les Arcs salle Granite, cours margistral)","3","3","4","","","Dilshad Surroop (Les Arcs salle Simenon)","4","4","Immédiatement après le cours (comme aux Arcs)","","Séance Révision (Dilshad Surroop, salle Simenon, Arcs)","4","3","","","4","1","","","4",""
"2019/01/18 12:06:45 AM GMT+1","Classe préparatoire","MPSI - MP*","4","4","","Antonin Diaz (Les Arcs salle Brel, tutorat 2)","2","3","4","","","Delphine Bresch-Pietri (Les Arcs salle Perdrix)","3","3","Le lendemain du cours (comme à Paris en 2019)","Salles pas assez bien éclairées","Séance Révision (Delphine Bresch-Pietri, salle Perdrix, Arcs)","3","2","Oui","","4","4","","","3",""
"2019/01/18 10:04:11 AM GMT+1","Université"," Ingénierie Nucléaire","3","3","Nous avons de niveau de prépa en Maths, mais y a quelques notions du cours de 1 ère année qu'on ne connait pas bien. Je souhaite que le poly de 1a peut être distribué aux AST avant le cours.","Jean-Emmanuel Deschaud (Les Arcs salle Granite, cours margistral)","2","3","3","Connected Sets;Cauchy's Integral Theorem (Local Version);Cauchy's Integral Theorem (Global Version)","","Guilhem Dubois (Les Arcs salle Granite)","4","4","Le lendemain du cours (comme à Paris en 2019)","Une heure semble unsuffissant","Séance Révision (Matthieu Vigne et Guilhem Dubois, salle Granite, Arcs)","3","2","","","3","1","","","3",""
"2019/01/18 10:17:13 AM GMT+1","Classe préparatoire","PC","4","4","","Antonin Diaz (Les Arcs salle Brel, tutorat 2)","4","4","4","Complex-Differentiability;Zeros & Poles;Integral Representations","","Grégoire Dupont De Dinechin (Les Arcs salle Belgica)","4","4","Immédiatement après le cours (comme aux Arcs)","","Séance Révision (Grégoire Dupont De Dinechin, salle Belgica, Arcs)","4","4","Non","","4","4","","","4","Très bonne formule de tutorat qui force à s'impliquer dans le cours, à l'assimiler et à le décortiquer. 
C'est aussi très agréable d'avoir des cours de maths à la suite, car on a vraiment l'impression d'avancer et de ne pas tout reprendre à zéro au début des PCs. 
Les chapitres sont bien dimensionnés, abordables, intéressants et l'enseignement dynamique participe à leur bonne assimilation. 
On se sent aussi très redevables vis à vis des Mines pour le séjour au ski qu'ils nous offrent ce qui pousse à rendre ce que l'on a reçu et à participer d'avantage en Maths et à s'impliquer réellement dans le cours. "
"2019/01/18 10:50:33 AM GMT+1","Classe préparatoire","MPSI puis MP","3","3","","Jean-Emmanuel Deschaud (Les Arcs salle Granite, cours margistral)","4","4","3","Complex-Differentiability","","Guilhem Dubois (Les Arcs salle Granite)","4","4","Immédiatement après le cours (comme aux Arcs)","","Séance Révision (Matthieu Vigne et Guilhem Dubois, salle Granite, Arcs)","4","4","Non","","4","4","","","4","Merci les Mines"
"2019/01/18 11:05:20 AM GMT+1","Classe préparatoire","","4","2","","Jean-Emmanuel Deschaud (Les Arcs salle Granite, cours margistral)","4","4","4","Complex-Differentiability","","Dilshad Surroop (Les Arcs salle Simenon)","4","4","Immédiatement après le cours (comme aux Arcs)","","Séance Révision (Dilshad Surroop, salle Simenon, Arcs)","4","4","Oui","","3","2","","","4",""
"2019/01/18 1:22:02 PM GMT+1","Double diplôme avec HEC","Classe préparatoire ECS puis licence de mathématiques à Paris XI","4","4","","Antonin Diaz (Les Arcs salle Brel, tutorat 2)","4","4","4","","","Guilhem Dubois (Les Arcs salle Granite)","4","4","Immédiatement après le cours (comme aux Arcs)","","Séance Révision (Matthieu Vigne et Guilhem Dubois, salle Granite, Arcs)","4","4","Non","Très bien conçu","4","3","Informations générales (agenda, préparation séjour, etc.);Cours en PDF (document électronique ou destiné à l'impression);Cours en HTML (version en ligne);Fichiers sources du cours (documents en markdown, programmes générant les images, etc.);Ressources mathématiques complémentaires (autres cours d'analyse complexe,  articles associés, etc.);Documents de la session 2016 (sujet d'examen corrigé, distribution des notes, résultats des questionnaires)","","4","Expérience incroyable"
"2019/01/18 1:41:59 PM GMT+1","Classe préparatoire","MPSI/PSI","4","4","","Jean-Emmanuel Deschaud (Les Arcs salle Granite, cours margistral)","4","4","4","","","Dilshad Surroop (Les Arcs salle Simenon)","2","4","Immédiatement après le cours (comme aux Arcs)","","Séance Révision (Dilshad Surroop, salle Simenon, Arcs)","4","4","Non","","4","4","","","4",""
"2019/01/18 3:55:45 PM GMT+1","Université","Université Libanaise, parcours génie mécanique précédé par deux années de préparation en mathématiques et physiques.","4","2","","Jean-Emmanuel Deschaud (Les Arcs salle Granite, cours margistral)","4","2","4","Connected Sets;The Winding Number","","Guilhem Dubois (Les Arcs salle Granite)","4","3","Le lendemain du cours (comme à Paris en 2019)","Dormir après l'apprentissage est essentiel pour la mémoire et pour pouvoir appliquer les compétences acquises.","Séance Révision (Matthieu Vigne et Guilhem Dubois, salle Granite, Arcs)","3","3","Oui","","4","1","","","3",""
"2019/01/18 4:04:39 PM GMT+1","Classe préparatoire","PCSI - PSI*","4","4","","Mathias Corsia (Les Arcs salle Perdrix, tutorat 1)","4","4","4","","","Matthieu Vigne (Les Arcs salle Brel)","4","4","Immédiatement après le cours (comme aux Arcs)","","Séance Révision (Matthieu Vigne et Guilhem Dubois, salle Granite, Arcs)","4","4","Oui","","4","4","","","4",""
"2019/01/19 2:47:50 PM GMT+1","Classe préparatoire","PCSI - PC","4","3","","Mathias Corsia (Les Arcs salle Perdrix, tutorat 1)","4","3","4","Connected Sets;Cauchy's Integral Theorem (Global Version)","","Dilshad Surroop (Les Arcs salle Simenon)","3","3","Immédiatement après le cours (comme aux Arcs)","Selon ce que m'ont rapporté des élèves dans d'autres PC, nous traitions en moyenne moins d'exercices. Le rappel en début de cours aurait peut-être pu se faire un peu plus rapidement (comme on venait de lire le chapitre correspondant, et qu'en tutorat l'encadrant effectuait souvent lui aussi un petit rappel). Il y a eu aussi quelques cafouillages pendant les résolutions d'exercices qui ont pu ralentir l'ensemble. Néanmoins, Dilshad était clair et pédagogue.","Séance Révision (Dilshad Surroop, salle Simenon, Arcs)","3","3","Non","","4","3","Informations générales (agenda, préparation séjour, etc.);Cours en PDF (document électronique ou destiné à l'impression);Documents de la session 2016 (sujet d'examen corrigé, distribution des notes, résultats des questionnaires)","","4",""
"2019/01/19 10:25:27 PM GMT+1","Université","ULFG","3","4","","Jean-Emmanuel Deschaud (Les Arcs salle Granite, cours margistral)","3","4","3","Connected Sets","","Delphine Bresch-Pietri (Les Arcs salle Perdrix)","4","4","Le lendemain du cours (comme à Paris en 2019)","","Séance Révision (Delphine Bresch-Pietri, salle Perdrix, Arcs)","4","4","","","4","3","","","3",""
"2019/01/20 12:27:32 PM GMT+1","Admis Sur Titre","formation ingénieur - génie chimique ","3","3","il faisait froid dans les salles :)","Jean-Emmanuel Deschaud (Les Arcs salle Granite, cours margistral)","2","3","2","The Winding Number;Cauchy's Integral Theorem (Global Version);Power Series","","Matthieu Vigne (Les Arcs salle Brel)","2","2","Le lendemain du cours (comme à Paris en 2019)","Le prof parlait vite et j'arrivais pas toujours à le suivre ","Séance Révision (Matthieu Vigne et Guilhem Dubois, salle Granite, Arcs)","1","1","Oui","","3","2","","","2",""
"2019/01/20 6:47:41 PM GMT+1","Classe préparatoire","MPSI-MP*","4","3","","Mathias Corsia (Les Arcs salle Perdrix, tutorat 1)","4","3","2","Complex-Differentiability;Line Integrals & Primitives;Integral Representations","The first chapters are quite interesting but we lack time to go into details that would allow a deep understanding. Consider giving them more time or skipping them entirely.","Matthieu Vigne (Les Arcs salle Brel)","3","2","Immédiatement après le cours (comme aux Arcs)","Les exercices abordés sont intéressants mais le format n'est pas optimal: il serait beaucoup plus formateur de laisser un peu de temps pour chercher les exercices (même quelques minutes) avant de procéder à leur correction, ce qui permet beaucoup mieux de s'imprégner des méthodes de résolution.","Séance Révision (Matthieu Vigne et Guilhem Dubois, salle Granite, Arcs)","2","4","Oui","","4","3","Cours en PDF (document électronique ou destiné à l'impression);Documents de la session 2016 (sujet d'examen corrigé, distribution des notes, résultats des questionnaires)","Comme les années précédentes, on découvre leur existence lors de ce questionnaire...
L'anglais n'est pas une mauvaise chose en soi, mais peut-être faudrait-il alors mener les PCs en anglais également, malgré les difficultés évidentes au niveau des responsables et du retour naturel au français commun.","4",""
"2019/01/20 7:44:46 PM GMT+1","Classe préparatoire","PSI* à Hoche","4","4","","Jean-Emmanuel Deschaud (Les Arcs salle Granite, cours margistral)","4","4","4","Power Series","","Grégoire Dupont De Dinechin (Les Arcs salle Belgica)","3","4","Immédiatement après le cours (comme aux Arcs)","","Séance Révision (Grégoire Dupont De Dinechin, salle Belgica, Arcs)","3","4","Oui","","4","2","Cours en PDF (document électronique ou destiné à l'impression);Documents de la session 2016 (sujet d'examen corrigé, distribution des notes, résultats des questionnaires)","","4",""
"2019/01/22 1:20:46 PM GMT+1","Classe préparatoire","MPSI - PSI","4","4","","Sébastien Boisgérault (Paris, cours magistral)","4","4","4","Zeros & Poles","","Arnaud Larroche (Paris)","4","4","Le lendemain du cours (comme à Paris en 2019)","","Atelier ""Poisson Image Editing"" (Sébastien Boisgérault, Paris)","4","3","","Lien entre cours et application sur le traitement d'image pas évident","4","4","Cours en PDF (document électronique ou destiné à l'impression)","","3","La satisfaction n'est pas maximale car je m'interroge encore sur la valeur ajoutée de ce cours vis-à-vis de mon choix de parcours"
"2019/01/22 6:47:16 PM GMT+1","Classe préparatoire","PSI","4","3","","Jean-Emmanuel Deschaud (Les Arcs salle Granite, cours margistral)","4","4","4","","","Dilshad Surroop (Les Arcs salle Simenon)","3","3","Immédiatement après le cours (comme aux Arcs)","","Séance Révision (Dilshad Surroop, salle Simenon, Arcs)","3","3","","","3","2","Informations générales (agenda, préparation séjour, etc.);Cours en PDF (document électronique ou destiné à l'impression);Documents de la session 2016 (sujet d'examen corrigé, distribution des notes, résultats des questionnaires)","","4",""
"2019/01/22 6:51:14 PM GMT+1","Classe préparatoire","Voie PSI","4","3","","Antonin Diaz (Les Arcs salle Brel, tutorat 2)","4","4","3","Line Integrals & Primitives;Zeros & Poles","","Grégoire Dupont De Dinechin (Les Arcs salle Belgica)","4","2","Le lendemain du cours (comme à Paris en 2019)","","Séance Révision (Grégoire Dupont De Dinechin, salle Belgica, Arcs)","4","4","Non","","3","3","Informations générales (agenda, préparation séjour, etc.);Cours en PDF (document électronique ou destiné à l'impression);Documents de la session 2016 (sujet d'examen corrigé, distribution des notes, résultats des questionnaires)","","4","C'est le cours de maths qui m'a le plus plu, et de loin !"
"2019/01/22 10:14:21 PM GMT+1","Classe préparatoire","MPSI - MP* option info","4","4","","Sébastien Boisgérault (Paris, cours magistral)","4","4","4","","","Arnaud Larroche (Paris)","4","4","Le lendemain du cours (comme à Paris en 2019)","","Atelier ""Poisson Image Editing"" (Sébastien Boisgérault, Paris)","4","3","","","4","3","Informations générales (agenda, préparation séjour, etc.);Cours en PDF (document électronique ou destiné à l'impression);Fichiers sources du cours (documents en markdown, programmes générant les images, etc.);Documents de la session 2016 (sujet d'examen corrigé, distribution des notes, résultats des questionnaires)","","4",""
"2019/01/22 10:20:35 PM GMT+1","Classe préparatoire","MP en prépa ","4","3","","Jean-Emmanuel Deschaud (Les Arcs salle Granite, cours margistral)","3","3","3","Cauchy's Integral Theorem (Global Version)","","Guilhem Dubois (Les Arcs salle Granite)","3","3","Immédiatement après le cours (comme aux Arcs)","","Séance Révision (Matthieu Vigne et Guilhem Dubois, salle Granite, Arcs)","3","3","Non","","4","3","","","4",""
"2019/01/23 8:05:16 AM GMT+1","Classe préparatoire","MPSI, MP*","4","4","","Sébastien Boisgérault (Paris, cours magistral)","3","4","4","","","Arnaud Larroche (Paris)","4","4","Le lendemain du cours (comme à Paris en 2019)","","Atelier ""Poisson Image Editing"" (Sébastien Boisgérault, Paris)","4","4","","","4","4","Informations générales (agenda, préparation séjour, etc.);Cours en PDF (document électronique ou destiné à l'impression);Fichiers sources du cours (documents en markdown, programmes générant les images, etc.);Documents de la session 2016 (sujet d'examen corrigé, distribution des notes, résultats des questionnaires)","","4",""
"2019/01/24 10:02:46 AM GMT+1","Classe préparatoire","MP","4","4","","Jean-Emmanuel Deschaud (Les Arcs salle Granite, cours margistral)","2","4","3","","","Delphine Bresch-Pietri (Les Arcs salle Perdrix)","4","4","Immédiatement après le cours (comme aux Arcs)","","Séance Révision (Delphine Bresch-Pietri, salle Perdrix, Arcs)","4","4","Non","","3","2","","","4",""
"2019/01/25 5:00:58 PM GMT+1","Classe préparatoire","pc","3","2","","Antonin Diaz (Les Arcs salle Brel, tutorat 2)","4","4","4","Integral Representations","","Grégoire Dupont De Dinechin (Les Arcs salle Belgica)","4","2","Immédiatement après le cours (comme aux Arcs)","Les exercices sont un peu trop durs pour un cours que l'on vient d'apprendre","Séance Révision (Grégoire Dupont De Dinechin, salle Belgica, Arcs)","4","3","Non","","4","3","","","4",""
"2019/01/25 6:18:40 PM GMT+1","Classe préparatoire","MPSI","4","4","","Sébastien Boisgérault (Paris, cours magistral)","4","4","4","","","Arnaud Larroche (Paris)","4","4","Le lendemain du cours (comme à Paris en 2019)","","Atelier ""Poisson Image Editing"" (Sébastien Boisgérault, Paris)","4","4","","","4","4","","","4",""
"2019/01/26 9:54:41 AM GMT+1","Classe préparatoire","Prépa PSI","4","4","","Sébastien Boisgérault (Paris, cours magistral)","4","4","4","The Winding Number","Notion d'argument continu pas très claire...
","Arnaud Larroche (Paris)","4","3","Le lendemain du cours (comme à Paris en 2019)","","Atelier ""Poisson Image Editing"" (Sébastien Boisgérault, Paris)","3","2","","Dommage que l'atelier se soit présenté sous la forme d'un cours magistral avec peu de pratique... Cela perd le sens de ""atelier""","4","3","Informations générales (agenda, préparation séjour, etc.);Cours en PDF (document électronique ou destiné à l'impression);Documents de la session 2016 (sujet d'examen corrigé, distribution des notes, résultats des questionnaires)","","4",""
"2019/01/26 2:28:26 PM GMT+1","Classe préparatoire","Prépa ECS + HEC + Licence de Maths Orsay","4","4","","Pierre-Etienne Devineau (Les Arcs salle Montagne, tutorat 3)","4","4","4","The Winding Number;Integral Representations","Cours très intéressant, encadrants qualifiés, sympathiques et pédagogues","Aurélien Fiot (Les Arcs salle Montagne)","4","4","Immédiatement après le cours (comme aux Arcs)","","Séance Révision (Pierre-Etienne Devineau et Aurélien Fiot, salle Montagne, Arcs)","4","4","Non","","3","1","","Je ne vois pas bien pourquoi le poly est en anglais alors que le cours est en français..","4",""
"2019/01/26 11:21:58 PM GMT+1","Classe préparatoire","MP","3","3","L'enseignement était parfaitement adapté au temps disponible, mais j'aurais aimé approfondir un peu plus le cours. Pour le format actuel, je pense que l'on peut difficilement faire mieux, mais j'ai un peu l'impression d'avoir survolé le cours : je sens qu'il y a une théorie beaucoup plus riche derrière, et je n'aurais pas été contre quelques heures de cours en plus de retour à paris pendant une semaine ou deux, ou peut-être un peu plus de compléments sur les chapitres (de préférence en ligne afin de ne pas alourdir le livre)","Jean-Emmanuel Deschaud (Les Arcs salle Granite, cours margistral)","4","4","4","Connected Sets","Je pense que pour notre culture mathématiques, il aurait était intéressant d'approfondir la notion de connexité, et d'insister sur sa définition et ses caractérisations plus classiques","Delphine Bresch-Pietri (Les Arcs salle Perdrix)","4","4","Immédiatement après le cours (comme aux Arcs)","","Séance Révision (Delphine Bresch-Pietri, salle Perdrix, Arcs)","4","4","Non","","3","4","Cours en PDF (document électronique ou destiné à l'impression);Cours en HTML (version en ligne);Documents de la session 2016 (sujet d'examen corrigé, distribution des notes, résultats des questionnaires)","","4",""
"2019/01/27 2:59:58 PM GMT+1","Classe préparatoire","PCSI puis PC","4","3","","Jean-Emmanuel Deschaud (Les Arcs salle Granite, cours margistral)","4","4","4","Integral Representations","Un certain flou sur le dernier chapitre (Integral Representations) : pas de TD donc je n'en ai pas retenu grand chose et je n'ai pas compris à quel point c'était important","Guilhem Dubois (Les Arcs salle Granite)","4","4","Immédiatement après le cours (comme aux Arcs)","Point positif de notre chargé de TD : laisser aux élèves le temps de faire l'exercice plutôt que juste enchaîner corrections sur corrections. ","Séance Révision (Matthieu Vigne et Guilhem Dubois, salle Granite, Arcs)","3","4","Non","Les encadrants allaient un peu trop vers les mêmes élèves qui en général n'ont pas forcément le plus de problèmes en maths + impression d'une certaine compétition entre les encadrants sur leurs élèves de PC (Les miens sont déjà à l'exo 3 ou calcul de l'intégral de l'exo 4...). Donc pas un ressenti très positif pour les élèves qui ont plus de difficultés ","4","4","Informations générales (agenda, préparation séjour, etc.)","Je n'étais même pas au courant d'un site avec de telles ressources mais ça m'aurait été bien utile","4","J'ai beaucoup apprécié le format des maths3. Le ski mis à part, une semaine à faire que des maths c'est beaucoup plus efficace pour s'approprier le cours que des maths une fois par semaine étalées sur un semestre. La séance de TD juste après le cours oblige également à bien suivre en cours pour ne pas être perdu la séance d'après et permet de poser des questions sur les parties du cours non assimilées et donc de mieux le mémoriser. "
"2019/01/29 6:19:40 PM GMT+1","Classe préparatoire","ECS > ESCP Europe (Management)  & Sorbonne (Maths)","4","4","","Pierre-Etienne Devineau (Les Arcs salle Montagne, tutorat 3)","4","4","4","Power Series;Zeros & Poles","","Aurélien Fiot (Les Arcs salle Montagne)","4","4","Immédiatement après le cours (comme aux Arcs)","","Séance Révision (Pierre-Etienne Devineau et Aurélien Fiot, salle Montagne, Arcs)","4","4","Oui","","4","2","","","4",""
"2019/01/29 6:21:35 PM GMT+1","Université","Génie Electrique - Université Libanaise","4","4","","Jean-Emmanuel Deschaud (Les Arcs salle Granite, cours margistral)","3","3","4","","","Delphine Bresch-Pietri (Les Arcs salle Perdrix)","4","4","Immédiatement après le cours (comme aux Arcs)","","Séance Révision (Delphine Bresch-Pietri, salle Perdrix, Arcs)","4","4","Oui","","4","3","","","4",""
"2019/01/29 6:28:19 PM GMT+1","Classe préparatoire","PC","2","2","Je ne suis pas intéressé par les maths mais le cours semblait intéressant","Jean-Emmanuel Deschaud (Les Arcs salle Granite, cours margistral)","2","4","3","Complex-Differentiability;Line Integrals & Primitives;Connected Sets;Cauchy's Integral Theorem (Local Version);The Winding Number;Cauchy's Integral Theorem (Global Version);Power Series;Zeros & Poles;Integral Representations","Problèmes de concentration","Guilhem Dubois (Les Arcs salle Granite)","2","3","Immédiatement après le cours (comme aux Arcs)","Problèmes de concentration","Séance Révision (Matthieu Vigne et Guilhem Dubois, salle Granite, Arcs)","2","4","Non","","3","4","","","3","Le ski est très satisfaisant"
"2019/01/29 6:45:23 PM GMT+1","Classe préparatoire","AST ESCP Europe prepa eco voie scientifique","4","4","","Pierre-Etienne Devineau (Les Arcs salle Montagne, tutorat 3)","4","4","3","Connected Sets","","Aurélien Fiot (Les Arcs salle Montagne)","3","2","Le lendemain du cours (comme à Paris en 2019)","","Séance Révision (Pierre-Etienne Devineau et Aurélien Fiot, salle Montagne, Arcs)","4","4","Non","","3","1","Informations générales (agenda, préparation séjour, etc.);Cours en PDF (document électronique ou destiné à l'impression);Cours en HTML (version en ligne);Fichiers sources du cours (documents en markdown, programmes générant les images, etc.);Ressources mathématiques complémentaires (autres cours d'analyse complexe,  articles associés, etc.);Documents de la session 2016 (sujet d'examen corrigé, distribution des notes, résultats des questionnaires)","","4",""
"2019/01/29 6:48:02 PM GMT+1","Université","Licence de maths appliquées à dauphine, je n’avais pas choisi le cours optionnel d’analyse complexe ","3","2","","Sébastien Boisgérault (Paris, cours magistral)","1","3","3","","","Dilshad Surroop (Les Arcs salle Simenon)","4","2","Immédiatement après le cours (comme aux Arcs)","","Séance Révision (Pierre-Etienne Devineau et Aurélien Fiot, salle Montagne, Arcs)","3","3","Non","","4","2","Informations générales (agenda, préparation séjour, etc.);Cours en PDF (document électronique ou destiné à l'impression);Documents de la session 2016 (sujet d'examen corrigé, distribution des notes, résultats des questionnaires)","","2",""
"2019/01/29 6:50:20 PM GMT+1","Classe préparatoire","PC*","3","2","interessant, mais trop technique et assez difficile de voir ce qu'on peut faire avec","Jean-Emmanuel Deschaud (Les Arcs salle Granite, cours margistral)","1","4","3","Complex-Differentiability;Connected Sets","","Dilshad Surroop (Les Arcs salle Simenon)","4","3","Immédiatement après le cours (comme aux Arcs)","","Séance Révision (Dilshad Surroop, salle Simenon, Arcs)","4","4","Non","","4","1","Informations générales (agenda, préparation séjour, etc.);Cours en PDF (document électronique ou destiné à l'impression)","","4","Magique"
"2019/01/29 6:51:18 PM GMT+1","Classe préparatoire","MPSI-MP*","4","4","Contenu très intéressant, mais qui reste très abordable.","Mathias Corsia (Les Arcs salle Perdrix, tutorat 1)","4","3","4","","Mathias était techniquement bon. Par contre, pas toujours pertinent dans ses choix d'intervention je trouve.","Matthieu Vigne (Les Arcs salle Brel)","4","4","Immédiatement après le cours (comme aux Arcs)","Matthieu est EXCELLENT chargé de PC ! Merci !!","Séance Révision (Matthieu Vigne et Guilhem Dubois, salle Granite, Arcs)","4","4","Oui","Il aurait sympa de pouvoir faire les deux !","4","4","Cours en PDF (document électronique ou destiné à l'impression);Ressources mathématiques complémentaires (autres cours d'analyse complexe,  articles associés, etc.);Documents de la session 2016 (sujet d'examen corrigé, distribution des notes, résultats des questionnaires)","Les retours des années passées sont intéressants !","4",""
"2019/01/29 6:55:52 PM GMT+1","Classe préparatoire","PSI ","4","3","","Antonin Diaz (Les Arcs salle Brel, tutorat 2)","4","3","3","Power Series","","Grégoire Dupont De Dinechin (Les Arcs salle Belgica)","4","3","Immédiatement après le cours (comme aux Arcs)","","Séance Révision (Grégoire Dupont De Dinechin, salle Belgica, Arcs)","3","4","Non","C'était le bon format selon moi","3","4","","Honnêtement je ne suis pas allée chercher plus loin que dans le poly (et les palums)","4","On est, aux Arcs, dans une bonne dynamique pour bosser les maths sérieusement pendant les cours : le rythme de vie sport/ bon sommeil rend le moment bien propice à faire de maths, une très bonne surprise de ce côté là ! "
"2019/01/29 7:02:06 PM GMT+1","Classe préparatoire","Mpsi - MP*","4","4","","Jean-Emmanuel Deschaud (Les Arcs salle Granite, cours margistral)","4","4","4","The Winding Number","","Delphine Bresch-Pietri (Les Arcs salle Perdrix)","4","4","Immédiatement après le cours (comme aux Arcs)","","Séance Révision (Delphine Bresch-Pietri, salle Perdrix, Arcs)","4","4","Oui","","4","4","Cours en PDF (document électronique ou destiné à l'impression);Documents de la session 2016 (sujet d'examen corrigé, distribution des notes, résultats des questionnaires)","","4","Merci !!"
"2019/01/29 7:04:01 PM GMT+1","Classe préparatoire","PC*","4","4","","Jean-Emmanuel Deschaud (Les Arcs salle Granite, cours margistral)","3","4","3","Connected Sets;Cauchy's Integral Theorem (Local Version);Cauchy's Integral Theorem (Global Version)","","Matthieu Vigne (Les Arcs salle Brel)","4","3","Immédiatement après le cours (comme aux Arcs)","Je pense que c’est indispensable que ce soir juste après le cours, ca aidait vraiment a mettre en application je trouve!","Séance Révision (Matthieu Vigne et Guilhem Dubois, salle Granite, Arcs)","4","4","Non","","3","4","Informations générales (agenda, préparation séjour, etc.);Documents de la session 2016 (sujet d'examen corrigé, distribution des notes, résultats des questionnaires)","","4","Merci!"
"2019/01/29 8:00:27 PM GMT+1","Classe préparatoire","MPSI, PSI","4","3","","Jean-Emmanuel Deschaud (Les Arcs salle Granite, cours margistral)","2","3","3","Connected Sets","","Guilhem Dubois (Les Arcs salle Granite)","3","3","Immédiatement après le cours (comme aux Arcs)","","Séance Révision (Matthieu Vigne et Guilhem Dubois, salle Granite, Arcs)","3","3","Oui","","3","2","","","3",""
"2019/01/29 8:13:04 PM GMT+1","Classe préparatoire","MP","3","4","","Mathias Corsia (Les Arcs salle Perdrix, tutorat 1)","4","4","3","","L'anglais pour les maths, c'est d'une part ennuyeux et d'autre part, je n'en vois pas l'intérêt","Matthieu Vigne (Les Arcs salle Brel)","4","4","","C'était bien","Séance Révision (Matthieu Vigne et Guilhem Dubois, salle Granite, Arcs)","4","4","Oui","","4","1","Informations générales (agenda, préparation séjour, etc.);Cours en PDF (document électronique ou destiné à l'impression);Ressources mathématiques complémentaires (autres cours d'analyse complexe,  articles associés, etc.)","","4","On aurait préféré avoir une deuxième semaine ^^"
"2019/01/29 8:18:56 PM GMT+1","Classe préparatoire","TSI","3","3","","Antonin Diaz (Les Arcs salle Brel, tutorat 2)","3","3","3","","","Grégoire Dupont De Dinechin (Les Arcs salle Belgica)","4","3","Immédiatement après le cours (comme aux Arcs)","","Séance Révision (Grégoire Dupont De Dinechin, salle Belgica, Arcs)","4","4","Non","l'atelier de révision permet d'avoir un temps de travail en autonomie et c'est une très bonne idée parce que c'est le seul moyen de savoir si on a assimilé ou pas le cours. 
","3","3","","L'idée de l'anglais est une bonne chose mais pourquoi une incohérence entre poly en anglais et le reste en français à mon avis il est plus utile de faire ou bien tout le cours en anglais ou en français
","3",""
"2019/01/29 8:29:52 PM GMT+1","Classe préparatoire","PT","4","4","","Pierre-Etienne Devineau (Les Arcs salle Montagne, tutorat 3)","4","4","4","","","Aurélien Fiot (Les Arcs salle Montagne)","3","3","Immédiatement après le cours (comme aux Arcs)","","Séance Révision (Pierre-Etienne Devineau et Aurélien Fiot, salle Montagne, Arcs)","4","4","Non","","3","3","","Je les ai très peu voir jamais utilisées. Je me basais surtout sur mes fiches fait pendant le tutorat avec Pierre-Etienne","4",""
"2019/01/29 8:47:53 PM GMT+1","Université","Université Grenoble Alpes","2","3","Le rythme était trop fort, il a fallu que je reprenne tout par moi-même dans mes temps libres. Par contre ce qui est bien, c'est que l'examen portait sur ce qu'on a étudié, contrairement à ceux des deux dernières années.","Pierre-Etienne Devineau (Les Arcs salle Montagne, tutorat 3)","3","3","3","Complex-Differentiability;The Winding Number;Integral Representations","","Aurélien Fiot (Les Arcs salle Montagne)","2","2","Immédiatement après le cours (comme aux Arcs)","Le rythme était beaucoup trop fort. Juste les solutions aux questions étaient données, et non pas la stratégie de résolution.","Séance Révision (Pierre-Etienne Devineau et Aurélien Fiot, salle Montagne, Arcs)","2","1","Non","Pas utile","4","4","","Utile pour éclaircir les malentendus sur les énoncés des théorèmes, etc.","4","Le ski était sans aucun doute la partie la plus apprécié de la formule. Le domaine de domaine ainsi que le centre (UCPA) sont bien choisis, et doit être le même pour toutes les années selon moi."
"2019/01/29 8:54:38 PM GMT+1","Classe préparatoire","MP","4","4","","Jean-Emmanuel Deschaud (Les Arcs salle Granite, cours margistral)","3","4","4","Cauchy's Integral Theorem (Global Version);Integral Representations","","Guilhem Dubois (Les Arcs salle Granite)","3","3","Immédiatement après le cours (comme aux Arcs)","","Séance Révision (Matthieu Vigne et Guilhem Dubois, salle Granite, Arcs)","3","3","Oui","","4","3","Cours en HTML (version en ligne);Documents de la session 2016 (sujet d'examen corrigé, distribution des notes, résultats des questionnaires)","","4",""
"2019/01/29 9:36:30 PM GMT+1","Université","La Physics, l'université de Nanjing, Chine ","4","4","","Jean-Emmanuel Deschaud (Les Arcs salle Granite, cours margistral)","4","4","4","Connected Sets","","Dilshad Surroop (Les Arcs salle Simenon)","4","4","Immédiatement après le cours (comme aux Arcs)","","Séance Révision (Dilshad Surroop, salle Simenon, Arcs)","4","4","Oui","","4","4","Cours en PDF (document électronique ou destiné à l'impression);Cours en HTML (version en ligne);Fichiers sources du cours (documents en markdown, programmes générant les images, etc.);Ressources mathématiques complémentaires (autres cours d'analyse complexe,  articles associés, etc.);Documents de la session 2016 (sujet d'examen corrigé, distribution des notes, résultats des questionnaires)","","4",""
"2019/01/29 9:42:14 PM GMT+1","Classe préparatoire","PC","4","3","","Antonin Diaz (Les Arcs salle Brel, tutorat 2)","4","3","4","Cauchy's Integral Theorem (Local Version);Integral Representations","","Dilshad Surroop (Les Arcs salle Simenon)","4","4","Immédiatement après le cours (comme aux Arcs)","C'est difficile de prendre des notes sans tables, d'autant plus que certaines salles en avaient...","Séance Révision (Dilshad Surroop, salle Simenon, Arcs)","4","3","Non","Les ateliers de révisions sont bien conçus mais je pense qu'il serait bien qu'on les rédige et le rende après car tout n'est pas toujours bien assimilé.","4","4","Informations générales (agenda, préparation séjour, etc.);Cours en PDF (document électronique ou destiné à l'impression);Ressources mathématiques complémentaires (autres cours d'analyse complexe,  articles associés, etc.);Documents de la session 2016 (sujet d'examen corrigé, distribution des notes, résultats des questionnaires)","","4",""
"2019/01/29 9:51:40 PM GMT+1","Classe préparatoire","PCSI puis PC* à Hoche","3","3","","Antonin Diaz (Les Arcs salle Brel, tutorat 2)","2","2","4","Complex-Differentiability;Connected Sets","","Grégoire Dupont De Dinechin (Les Arcs salle Belgica)","4","3","Immédiatement après le cours (comme aux Arcs)","","Séance Révision (Grégoire Dupont De Dinechin, salle Belgica, Arcs)","4","4","Non","","3","3","","","3",""
"2019/01/29 9:56:46 PM GMT+1","Classe préparatoire","MP","4","4","","Mathias Corsia (Les Arcs salle Perdrix, tutorat 1)","4","4","4","","Le cours est vraiment très bien conçu, mais on a pas pu aborder les exemples d'application, ce qui aurait pu donner plus de clarté sur l'utilité de la discipline!","Delphine Bresch-Pietri (Les Arcs salle Perdrix)","4","4","Immédiatement après le cours (comme aux Arcs)","Je pense que le format ""exercices juste après le cours"" est très adapté aux Arcs car on peut tout de suite consolider les acquis sans risquer d'oublier le cours avec la session de ski","Séance Révision (Delphine Bresch-Pietri, salle Perdrix, Arcs)","4","3","Oui","","4","4","Cours en PDF (document électronique ou destiné à l'impression)","","4",""
"2019/01/29 10:03:10 PM GMT+1","Classe préparatoire","PT","3","4","","Pierre-Etienne Devineau (Les Arcs salle Montagne, tutorat 3)","4","4","4","","","Aurélien Fiot (Les Arcs salle Montagne)","3","3","Immédiatement après le cours (comme aux Arcs)","Un poil rapide en PC ","Séance Révision (Pierre-Etienne Devineau et Aurélien Fiot, salle Montagne, Arcs)","3","4","Oui","","3","2","","","4","Le format anglais est bizarre, il n'est pas vraiment assumé et n'apporte rien."
"2019/01/29 10:04:43 PM GMT+1","Classe préparatoire","PC","4","4","","Mathias Corsia (Les Arcs salle Perdrix, tutorat 1)","4","3","3","The Winding Number;Power Series","Je n'ai pas bien saisi la notion de point d'accumulation ","Matthieu Vigne (Les Arcs salle Brel)","4","3","Immédiatement après le cours (comme aux Arcs)","Top ! Matthieu est vraiment bon pédagogue ","Séance Révision (Matthieu Vigne et Guilhem Dubois, salle Granite, Arcs)","3","3","Oui","","4","3","","","4",""
"2019/01/29 10:33:09 PM GMT+1","Classe préparatoire","Mpsi puis psi*","4","4","","Mathias Corsia (Les Arcs salle Perdrix, tutorat 1)","4","4","4","Power Series;Zeros & Poles","","Matthieu Vigne (Les Arcs salle Brel)","4","4","Immédiatement après le cours (comme aux Arcs)","","Séance Révision (Matthieu Vigne et Guilhem Dubois, salle Granite, Arcs)","4","4","Non","","4","4","Informations générales (agenda, préparation séjour, etc.)","","4",""
"2019/01/29 10:59:37 PM GMT+1","Classe préparatoire","mp","4","4","","Antonin Diaz (Les Arcs salle Brel, tutorat 2)","4","4","3","Power Series;Integral Representations","","Grégoire Dupont De Dinechin (Les Arcs salle Belgica)","3","4","Immédiatement après le cours (comme aux Arcs)","","Séance Révision (Grégoire Dupont De Dinechin, salle Belgica, Arcs)","3","4","Oui","","4","4","","","4",""
"2019/01/30 3:25:52 AM GMT+1","Classe préparatoire","MPSI - PSI","3","3","","Jean-Emmanuel Deschaud (Les Arcs salle Granite, cours margistral)","2","3","3","The Winding Number;Power Series;Integral Representations","","Guilhem Dubois (Les Arcs salle Granite)","4","4","Immédiatement après le cours (comme aux Arcs)","","Séance Révision (Matthieu Vigne et Guilhem Dubois, salle Granite, Arcs)","4","4","Non","","3","2","Informations générales (agenda, préparation séjour, etc.);Ressources mathématiques complémentaires (autres cours d'analyse complexe,  articles associés, etc.);Documents de la session 2016 (sujet d'examen corrigé, distribution des notes, résultats des questionnaires)","","4","Le ski était cool !"
"2019/01/30 10:13:29 AM GMT+1","étrangere Espagne","","1","1","","Sébastien Boisgérault (Paris, cours magistral)","2","4","2","Connected Sets;The Winding Number;Power Series;Integral Representations","","Arnaud Larroche (Paris)","4","4","Le lendemain du cours (comme à Paris en 2019)","","Atelier ""Poisson Image Editing"" (Sébastien Boisgérault, Paris)","3","1","","","3","3","Ressources mathématiques complémentaires (autres cours d'analyse complexe,  articles associés, etc.);Documents de la session 2016 (sujet d'examen corrigé, distribution des notes, résultats des questionnaires)","","1",""
"2019/01/30 11:09:57 AM GMT+1","Universidad de Buenos Aires","Ingénierie Civil","2","3","","Jean-Emmanuel Deschaud (Les Arcs salle Granite, cours margistral)","4","3","3","Connected Sets","","Guilhem Dubois (Les Arcs salle Granite)","2","3","Le lendemain du cours (comme à Paris en 2019)","","Séance Révision (Matthieu Vigne et Guilhem Dubois, salle Granite, Arcs)","4","3","Non","","4","4","","","3",""
"2019/01/30 5:56:19 PM GMT+1","Classe préparatoire","MPSI MP","4","4","","Mathias Corsia (Les Arcs salle Perdrix, tutorat 1)","4","4","3","The Winding Number","","Matthieu Vigne (Les Arcs salle Brel)","4","3","Immédiatement après le cours (comme aux Arcs)","","Séance Révision (Matthieu Vigne et Guilhem Dubois, salle Granite, Arcs)","2","4","Oui","","2","1","Informations générales (agenda, préparation séjour, etc.);Cours en PDF (document électronique ou destiné à l'impression)","Je n'avais pas retenu qu'il y avait un site.","4",""
"2019/01/30 7:59:46 PM GMT+1","Classe préparatoire","PSI","4","4","","Mathias Corsia (Les Arcs salle Perdrix, tutorat 1)","4","4","4","Zeros & Poles","","Matthieu Vigne (Les Arcs salle Brel)","4","4","Immédiatement après le cours (comme aux Arcs)","Je n'ai pas trouvé ça gênant que les exercices soient immédiatement après le cours.","Séance Révision (Pierre-Etienne Devineau et Aurélien Fiot, salle Montagne, Arcs)","3","4","Non","La séance de révision est très bien !","4","4","","","4",""
"2019/02/01 8:03:04 PM GMT+1","Université","Université de Buenos Aires - Génie Civil","2","2","","Pierre-Etienne Devineau (Les Arcs salle Montagne, tutorat 3)","4","4","3","Connected Sets;Cauchy's Integral Theorem (Global Version);Power Series;Integral Representations","","Aurélien Fiot (Les Arcs salle Montagne)","2","2","Immédiatement après le cours (comme aux Arcs)","","Séance Révision (Dilshad Surroop, salle Simenon, Arcs)","3","4","Oui","","2","2","Informations générales (agenda, préparation séjour, etc.);Cours en PDF (document électronique ou destiné à l'impression);Documents de la session 2016 (sujet d'examen corrigé, distribution des notes, résultats des questionnaires)","Je crois c'est mieux si TOUT le cours (Poly et cours) soit ou en Français ou en Anglais","3",""